Date,Duration,Tag,Attention,Relaxation,Delta,Theta,Low-Alpha,High-Alpha,Low-Beta,High-Beta,Low-Gamma,Mid-Gamma,SyncRate,Time-set
2024-05-31 14:05:43,670.0,Test,21,34,69678,103470,3706,16004,16649,5445,3121,2520,0,0
2024-05-31 14:05:43,670.0,Test,14,26,147987,211455,19529,7156,14089,12000,4307,2054,0,1
2024-05-31 14:05:43,670.0,Test,3,13,43552,185947,6672,15819,9678,4786,3558,1361,0,2
2024-05-31 14:05:43,670.0,Test,7,16,76942,186960,63540,30887,45698,11323,2807,1748,0,3
2024-05-31 14:05:43,670.0,Test,21,26,85552,19073,7266,2955,2715,4868,1315,353,0,4
2024-05-31 14:05:43,670.0,Test,23,24,61969,12639,451,1186,1063,869,258,258,0,5
2024-05-31 14:05:43,670.0,Test,30,35,205962,115471,30920,11495,9966,8432,1768,2711,0,6
2024-05-31 14:05:43,670.0,Test,34,27,731100,148251,14826,13830,4877,7721,4787,2516,0,7
2024-05-31 14:05:43,670.0,Test,24,37,22097,13965,14348,3446,4686,1941,615,256,0,8
2024-05-31 14:05:43,670.0,Test,30,41,255329,88265,8633,14858,15720,14396,2401,1796,71,9
2024-05-31 14:05:43,670.0,Test,26,48,195753,28990,11598,5378,2211,1408,1643,484,75,10
2024-05-31 14:05:43,670.0,Test,34,60,41832,63801,38258,9270,15438,10312,2322,1987,83,11
2024-05-31 14:05:43,670.0,Test,41,41,49470,25521,3253,1033,3804,4498,726,539,79,12
2024-05-31 14:05:43,670.0,Test,34,41,3663,22986,1197,4617,4101,1711,754,487,70,13
2024-05-31 14:05:43,670.0,Test,48,47,165664,32224,36387,16833,8646,12597,2797,4290,69,14
2024-05-31 14:05:43,670.0,Test,37,24,22969,261866,6506,13250,10248,9166,3415,2079,54,15
2024-05-31 14:05:43,670.0,Test,24,29,29162,116139,19156,9902,18426,6246,2085,2508,58,16
2024-05-31 14:05:43,670.0,Test,26,51,20370,5640,13591,4564,3142,1640,660,313,57,17
2024-05-31 14:05:43,670.0,Test,21,47,77645,58616,18594,24018,18722,8388,3176,2856,50,18
2024-05-31 14:05:43,670.0,Test,24,61,74521,61030,16688,8241,16869,3578,3954,1183,45,19
2024-05-31 14:05:43,670.0,Test,30,64,18702,12929,2844,3016,2297,1870,532,244,40,20
2024-05-31 14:05:43,670.0,Test,16,47,164043,318539,45462,37434,4973,5785,3046,1142,41,21
2024-05-31 14:05:43,670.0,Test,23,50,94718,21849,10829,19015,11988,7821,1943,884,43,22
2024-05-31 14:05:43,670.0,Test,26,54,97202,62562,25842,15129,16242,6447,4783,1279,38,23
2024-05-31 14:05:43,670.0,Test,24,54,78500,95321,27348,15961,17117,10793,4013,1181,41,24
2024-05-31 14:05:43,670.0,Test,35,57,77694,60505,20251,5543,6193,3629,4591,1117,69,25
2024-05-31 14:05:43,670.0,Test,29,53,21888,13774,2531,4770,1889,1883,1027,566,70,26
2024-05-31 14:05:43,670.0,Test,34,41,123416,119672,11712,10662,7657,13015,5142,2274,60,27
2024-05-31 14:05:43,670.0,Test,24,54,46178,89737,101136,24881,4504,7336,6223,1733,50,28
2024-05-31 14:05:43,670.0,Test,43,43,351167,50396,4136,5011,12547,17445,2163,741,38,29
2024-05-31 14:05:43,670.0,Test,41,40,81678,29354,10425,1271,5883,3323,650,347,41,30
2024-05-31 14:05:43,670.0,Test,41,50,96522,53777,18265,14670,30533,7346,2109,1891,36,31
2024-05-31 14:05:43,670.0,Test,47,40,267914,48242,12545,22713,12230,4297,5077,1963,28,32
2024-05-31 14:05:43,670.0,Test,35,67,52122,21182,33625,39236,9659,8562,3208,1338,37,33
2024-05-31 14:05:43,670.0,Test,37,78,58518,24020,23112,13727,15090,5388,10580,1119,38,34
2024-05-31 14:05:43,670.0,Test,41,83,123436,37594,12729,20076,6154,10533,1425,2043,49,35
2024-05-31 14:05:43,670.0,Test,37,77,29262,140580,21982,18514,6131,5689,1809,3210,49,36
2024-05-31 14:05:43,670.0,Test,41,57,1651,9342,1908,3321,5329,2346,637,544,48,37
2024-05-31 14:05:43,670.0,Test,35,51,49222,25716,6900,5779,3030,1750,1223,349,35,38
2024-05-31 14:05:43,670.0,Test,29,57,706454,27824,35668,13788,3608,7070,2332,1489,43,39
2024-05-31 14:05:43,670.0,Test,34,66,74750,66778,14597,26927,6905,4250,2073,1127,43,40
2024-05-31 14:05:43,670.0,Test,23,78,40268,31440,37920,11758,16058,4638,4187,2010,40,41
2024-05-31 14:05:43,670.0,Test,27,87,7288,10678,3924,10204,2224,1700,1979,579,44,42
2024-05-31 14:05:43,670.0,Test,23,80,17883,60000,51640,12979,19357,7590,5335,351,37,43
2024-05-31 14:05:43,670.0,Test,30,69,15625,32420,3375,3823,2937,3483,582,366,32,44
2024-05-31 14:05:43,670.0,Test,41,57,47968,108778,17537,25530,6829,30426,1951,2307,25,45
2024-05-31 14:05:43,670.0,Test,53,54,63893,24793,15190,20902,14359,11603,2780,1870,27,46
2024-05-31 14:05:43,670.0,Test,51,57,156641,30396,31204,11525,4807,3554,3212,1755,32,47
2024-05-31 14:05:43,670.0,Test,48,61,45166,98904,10960,22551,17118,8376,7243,2085,31,48
2024-05-31 14:05:43,670.0,Test,47,74,8217,7241,8816,1498,1602,3117,333,221,28,49
2024-05-31 14:05:43,670.0,Test,35,61,178133,94128,11839,9482,4675,6724,4627,813,28,50
2024-05-31 14:05:43,670.0,Test,29,54,87212,122530,41305,32920,13565,6419,2035,1208,30,51
2024-05-31 14:05:43,670.0,Test,29,57,9914,25131,4548,8671,2391,2124,714,287,37,52
2024-05-31 14:05:43,670.0,Test,16,54,49040,51848,36099,10201,20300,4685,2793,2785,53,53
2024-05-31 14:05:43,670.0,Test,26,57,499127,35409,3645,12094,12686,7208,2406,787,60,54
2024-05-31 14:05:43,670.0,Test,47,57,135118,7273,4629,2191,2351,3252,1546,452,58,55
2024-05-31 14:05:43,670.0,Test,40,37,33351,35592,963,1242,4207,1257,1619,134,53,56
2024-05-31 14:05:43,670.0,Test,38,43,72743,38085,27005,33546,18448,4480,2186,1257,50,57
2024-05-31 14:05:43,670.0,Test,17,37,147098,254351,20572,27412,5798,6016,2224,1406,50,58
2024-05-31 14:05:43,670.0,Test,11,35,42748,67810,19687,17779,16391,12117,2624,1395,53,59
2024-05-31 14:05:43,670.0,Test,10,43,140874,258074,25209,7865,12341,7406,2729,3411,55,60
2024-05-31 14:05:43,670.0,Test,13,44,75035,9411,11424,7381,3728,1837,1224,407,53,61
2024-05-31 14:05:43,670.0,Test,37,54,79143,28482,11185,7779,14770,7995,3595,2477,60,62
2024-05-31 14:05:43,670.0,Test,34,54,10518,16247,8750,3365,7100,2319,1064,443,60,63
2024-05-31 14:05:43,670.0,Test,40,75,223972,45396,18545,43268,19537,5228,2082,1873,59,64
2024-05-31 14:05:43,670.0,Test,41,60,408802,99962,19781,20519,12921,11959,2238,928,66,65
2024-05-31 14:05:43,670.0,Test,34,63,19429,20604,6514,8673,3147,3025,948,773,71,66
2024-05-31 14:05:43,670.0,Test,30,60,180341,111589,23556,27752,8901,11757,2807,990,82,67
2024-05-31 14:05:43,670.0,Test,40,51,285504,61375,7701,21475,14684,9903,1111,2189,84,68
2024-05-31 14:05:43,670.0,Test,30,40,725280,303342,13370,14021,4602,11492,4207,1378,79,69
2024-05-31 14:05:43,670.0,Test,29,41,99707,120449,43384,48059,12007,14748,2185,1587,77,70
2024-05-31 14:05:43,670.0,Test,27,38,114279,35694,10755,2089,7270,3046,567,350,68,71
2024-05-31 14:05:43,670.0,Test,26,41,81060,52102,18686,23465,21905,8868,2003,5220,70,72
2024-05-31 14:05:43,670.0,Test,41,63,25337,9892,6181,7176,4032,3446,597,605,62,73
2024-05-31 14:05:43,670.0,Test,37,64,122403,56675,36946,22791,7455,5444,3810,1084,63,74
2024-05-31 14:05:43,670.0,Test,50,81,695247,11392,19833,9179,2584,8540,3660,1866,73,75
2024-05-31 14:05:43,670.0,Test,41,83,184837,74021,12157,43509,12330,5604,2432,1614,76,76
2024-05-31 14:05:43,670.0,Test,27,81,16825,116938,49561,26293,2932,7672,4862,1649,67,77
2024-05-31 14:05:43,670.0,Test,29,77,7099,22332,7076,6533,2670,1762,483,1201,72,78
2024-05-31 14:05:43,670.0,Test,23,69,157222,64099,53558,12027,11208,15499,4927,1412,70,79
2024-05-31 14:05:43,670.0,Test,26,80,51111,43874,95563,37711,31522,9413,5817,992,68,80
2024-05-31 14:05:43,670.0,Test,35,80,30142,13999,16054,5359,16475,3377,941,248,68,81
2024-05-31 14:05:43,670.0,Test,34,90,98653,48910,62318,15516,6019,4819,3515,1151,53,82
2024-05-31 14:05:43,670.0,Test,16,78,85863,142626,34223,5811,7106,4306,3999,1024,59,83
2024-05-31 14:05:43,670.0,Test,20,67,266211,52539,13717,24373,11449,7851,1791,3228,59,84
2024-05-31 14:05:43,670.0,Test,20,56,113714,137274,27417,7818,13890,16017,5274,1226,61,85
2024-05-31 14:05:43,670.0,Test,24,54,107988,48970,33919,24577,2178,6332,1886,2366,63,86
2024-05-31 14:05:43,670.0,Test,38,61,38062,14824,7750,1541,5069,2268,1076,252,55,87
2024-05-31 14:05:43,670.0,Test,40,53,84950,47436,15117,4406,13662,6678,3427,703,51,88
2024-05-31 14:05:43,670.0,Test,34,54,100132,55636,11820,3732,13152,3337,2813,1740,44,89
2024-05-31 14:05:43,670.0,Test,38,53,53768,23737,34117,9583,14734,7358,1907,1383,39,90
2024-05-31 14:05:43,670.0,Test,43,53,45006,60931,25683,12385,20798,15122,3894,1501,31,91
2024-05-31 14:05:43,670.0,Test,48,61,9085,7013,2945,4788,2317,2376,646,508,31,92
2024-05-31 14:05:43,670.0,Test,61,63,186021,47317,16358,1483,11744,10261,4170,1306,49,93
2024-05-31 14:05:43,670.0,Test,64,50,74272,85987,9498,18148,7103,17093,4523,1571,58,94
2024-05-31 14:05:43,670.0,Test,60,50,109928,39758,9226,19362,15400,7069,4065,633,55,95
2024-05-31 14:05:43,670.0,Test,56,47,181157,50165,10019,25169,13954,9384,3381,606,43,96
2024-05-31 14:05:43,670.0,Test,57,56,50318,20211,11786,15375,9137,8230,4607,2062,53,97
2024-05-31 14:05:43,670.0,Test,50,70,11519,14620,13886,8635,3216,2589,1016,219,54,98
2024-05-31 14:05:43,670.0,Test,53,75,439401,85052,15323,43862,5747,18056,8106,1806,54,99
2024-05-31 14:05:43,670.0,Test,50,75,105672,22940,9416,5771,4398,3252,1401,279,47,100
2024-05-31 14:05:43,670.0,Test,30,77,19101,78191,42884,31393,10300,5127,10277,1912,31,101
2024-05-31 14:05:43,670.0,Test,24,70,53532,93352,56172,14457,13320,6016,2736,1542,28,102
2024-05-31 14:05:43,670.0,Test,4,61,24168,47452,4687,6275,1600,1145,953,159,39,103
2024-05-31 14:05:43,670.0,Test,14,57,38838,27316,14304,1202,6640,8291,3120,823,46,104
2024-05-31 14:05:43,670.0,Test,23,56,49489,60778,15243,40539,15821,8503,5210,1214,54,105
2024-05-31 14:05:43,670.0,Test,34,47,48155,147188,20949,27853,29365,16351,3188,1178,57,106
2024-05-31 14:05:43,670.0,Test,48,48,98280,15630,111,4111,2109,1775,1131,340,52,107
2024-05-31 14:05:43,670.0,Test,41,48,17781,11382,2765,3691,2601,1823,1215,362,44,108
2024-05-31 14:05:43,670.0,Test,30,38,45160,120488,13498,20766,3846,4445,2181,779,39,109
2024-05-31 14:05:43,670.0,Test,29,47,27784,75840,18798,32427,15394,9669,3162,1118,32,110
2024-05-31 14:05:43,670.0,Test,30,37,90832,102625,2657,8828,14816,10956,3454,1801,29,111
2024-05-31 14:05:43,670.0,Test,24,47,163079,59139,35040,64997,25554,8531,2350,3505,32,112
2024-05-31 14:05:43,670.0,Test,41,56,18926,34193,24485,7122,3929,10557,4524,1048,45,112
2024-05-31 14:05:43,670.0,Test,47,50,28732,86210,18852,12295,23691,13932,3009,1026,55,114
2024-05-31 14:05:43,670.0,Test,47,61,112338,61837,13594,9623,6600,8594,4024,921,70,114
2024-05-31 14:05:43,670.0,Test,50,40,41407,74041,7275,6579,21383,6759,3337,2726,58,116
2024-05-31 14:05:43,670.0,Test,41,50,94113,49566,40680,22348,12359,5644,4550,3169,61,118
2024-05-31 14:05:43,670.0,Test,30,57,65540,50784,33773,11291,10337,3688,6302,879,65,119
2024-05-31 14:05:43,670.0,Test,27,83,138130,40040,44185,23369,4271,6953,3135,1628,48,120
2024-05-31 14:05:43,670.0,Test,24,88,155913,45382,28883,24370,9174,8446,4048,2144,43,121
2024-05-31 14:05:43,670.0,Test,20,91,38163,18609,16589,8168,2412,1330,464,596,35,122
2024-05-31 14:05:43,670.0,Test,26,93,89812,41629,43046,8139,11202,7846,2990,1483,23,123
2024-05-31 14:05:43,670.0,Test,26,64,86898,114467,5713,6504,7341,7187,2359,1472,23,124
2024-05-31 14:05:43,670.0,Test,21,56,10946,21008,1953,7488,2490,1575,349,395,25,125
2024-05-31 14:05:43,670.0,Test,34,38,69761,111713,10179,16582,6837,13849,1540,1238,27,126
2024-05-31 14:05:43,670.0,Test,35,29,159473,52174,9254,23458,14100,8607,1730,1643,25,127
2024-05-31 14:05:43,670.0,Test,43,50,42844,44643,34606,14496,16166,13236,6121,889,30,128
2024-05-31 14:05:43,670.0,Test,43,57,44862,13403,13131,2086,4241,1291,602,335,29,129
2024-05-31 14:05:43,670.0,Test,41,64,105702,14642,5301,1145,1972,1774,919,536,32,130
2024-05-31 14:05:43,670.0,Test,29,53,111968,48914,3044,4807,3110,1753,432,500,35,131
2024-05-31 14:05:43,670.0,Test,17,53,4977,22184,9995,7271,5940,1505,1005,167,39,132
2024-05-31 14:05:43,670.0,Test,20,51,45869,14205,6386,4151,1161,1411,629,342,45,133
2024-05-31 14:05:43,670.0,Test,21,56,122617,52503,37815,9983,6584,9755,4245,917,49,133
2024-05-31 14:05:43,670.0,Test,27,70,14354,13753,6057,4979,2413,1567,811,266,49,135
2024-05-31 14:05:43,670.0,Test,29,67,82116,78322,22573,14635,13073,4618,4402,2486,52,135
2024-05-31 14:05:43,670.0,Test,24,61,19819,29167,7502,3416,1030,1424,871,638,51,136
2024-05-31 14:05:43,670.0,Test,24,51,136422,91765,15621,18603,30060,12181,4772,2048,55,137
2024-05-31 14:05:43,670.0,Test,16,56,103164,72379,22506,65482,11355,4115,3692,1805,56,138
2024-05-31 14:05:43,670.0,Test,16,56,69166,77922,23026,10065,12438,4380,3915,1981,61,139
2024-05-31 14:05:43,670.0,Test,11,63,8924,40228,20361,6609,1304,1701,872,116,66,140
2024-05-31 14:05:43,670.0,Test,7,74,106183,85070,31916,26041,13871,7236,1780,1176,49,141
2024-05-31 14:05:43,670.0,Test,26,63,90032,31900,10359,7467,4119,11235,4239,1952,48,142
2024-05-31 14:05:43,670.0,Test,29,67,20185,21930,9855,9097,4844,2150,813,373,42,143
2024-05-31 14:05:43,670.0,Test,44,63,106369,43385,15825,6664,2479,7480,1887,1407,43,145
2024-05-31 14:05:43,670.0,Test,40,56,34678,108256,44236,4539,11077,4457,1876,3560,42,146
2024-05-31 14:05:43,670.0,Test,29,60,95950,81051,38884,10505,5404,11254,1898,1269,46,147
2024-05-31 14:05:43,670.0,Test,30,56,137509,12367,3258,3719,1986,1502,316,239,45,148
2024-05-31 14:05:43,670.0,Test,38,57,46086,30559,7140,14331,7948,8756,2559,1637,41,149
2024-05-31 14:05:43,670.0,Test,53,70,40099,16567,21295,20992,8198,7352,2428,1420,46,150
2024-05-31 14:05:43,670.0,Test,47,60,18000,24113,621,4523,1950,1163,1200,789,39,151
2024-05-31 14:05:43,670.0,Test,37,64,19064,68602,26870,29275,3070,3791,1460,1080,61,152
2024-05-31 14:05:43,670.0,Test,20,63,52589,94637,24535,21836,24518,5331,2118,836,55,153
2024-05-31 14:05:43,670.0,Test,3,53,36927,81545,35181,17617,12377,3401,1986,845,64,154
2024-05-31 14:05:43,670.0,Test,4,75,41499,27755,40490,14676,5472,4454,1099,2445,49,154
2024-05-31 14:05:43,670.0,Test,7,61,17614,79543,9446,6972,8392,3115,1276,1077,51,155
2024-05-31 14:05:43,670.0,Test,10,47,288153,198440,12022,10203,3007,12072,1717,1093,56,156
2024-05-31 14:05:43,670.0,Test,14,51,613543,78652,61717,9887,8225,6306,2020,1457,56,157
2024-05-31 14:05:43,670.0,Test,21,44,31702,11530,6466,6580,1723,2425,873,661,48,158
2024-05-31 14:05:43,670.0,Test,20,38,63037,81096,5506,2722,1681,2536,960,420,42,159
2024-05-31 14:05:43,670.0,Test,24,54,100787,58796,21755,18884,10769,7550,3770,4440,37,160
2024-05-31 14:05:43,670.0,Test,27,50,263062,137838,45603,17324,9944,12249,6363,1958,31,161
2024-05-31 14:05:43,670.0,Test,27,53,69085,25382,5656,54327,23173,7833,3433,1593,39,162
2024-05-31 14:05:43,670.0,Test,30,63,44169,86993,11961,16543,9367,4903,4522,1301,39,163
2024-05-31 14:05:43,670.0,Test,38,48,32760,70510,3436,6785,3166,10475,2840,964,50,164
2024-05-31 14:05:43,670.0,Test,29,37,103193,112653,4798,11875,4574,3380,4969,1042,60,165
2024-05-31 14:05:43,670.0,Test,17,10,86974,208890,10878,7193,6405,7076,3861,1303,65,166
2024-05-31 14:05:43,670.0,Test,29,14,5812,9634,2923,3427,1926,1934,1020,518,63,167
2024-05-31 14:05:43,670.0,Test,11,30,916704,38204,23145,2946,7444,1677,1223,643,65,168
2024-05-31 14:05:43,670.0,Test,20,26,65662,109096,7234,4894,8075,6366,2549,2128,61,169
2024-05-31 14:05:43,670.0,Test,27,51,34503,64153,45446,28136,6130,9739,2854,1722,62,170
2024-05-31 14:05:43,670.0,Test,23,37,14558,9343,649,723,1349,866,787,338,61,171
2024-05-31 14:05:43,670.0,Test,38,40,60470,24349,11410,22711,14649,7058,2511,1096,58,173
2024-05-31 14:05:43,670.0,Test,40,66,10569,30372,15317,28415,2666,5113,5245,1387,63,174
2024-05-31 14:05:43,670.0,Test,40,67,26371,35765,41199,8248,11218,5331,2210,1558,70,174
2024-05-31 14:05:43,670.0,Test,24,88,218629,74249,54999,24167,17603,2852,4934,1522,71,175
2024-05-31 14:05:43,670.0,Test,23,75,171348,47359,8999,5097,8098,6454,2723,3198,62,176
2024-05-31 14:05:43,670.0,Test,24,57,32811,54634,10050,6692,19202,5206,4448,845,70,177
2024-05-31 14:05:43,670.0,Test,24,53,88382,42634,22777,12459,8372,4831,2616,2099,63,178
2024-05-31 14:05:43,670.0,Test,30,47,273676,91457,17987,25883,5503,5439,3805,1995,50,179
2024-05-31 14:05:43,670.0,Test,26,60,130739,41332,26771,12787,10329,4862,1842,1397,55,180
2024-05-31 14:05:43,670.0,Test,24,53,144995,60882,7384,1994,10706,4251,3041,1123,42,181
2024-05-31 14:05:43,670.0,Test,27,44,45692,67850,15301,10155,13159,7365,2846,1545,42,182
2024-05-31 14:05:43,670.0,Test,40,51,10399,5716,4220,1539,440,1380,991,350,35,183
2024-05-31 14:05:43,670.0,Test,50,57,34682,10972,25316,12350,8513,7462,9029,2204,37,184
2024-05-31 14:05:43,670.0,Test,51,66,38424,52500,7163,11061,5791,5662,4192,2060,50,185
2024-05-31 14:05:43,670.0,Test,50,75,65485,56642,33434,15062,7397,6532,2103,1490,72,186
2024-05-31 14:05:43,670.0,Test,48,63,71602,36549,6616,6476,4121,5091,2723,1056,76,187
2024-05-31 14:05:43,670.0,Test,34,48,31823,104723,31622,5407,8902,5826,4720,825,76,188
2024-05-31 14:05:43,670.0,Test,41,47,40551,34823,4595,5931,3249,7324,2508,236,71,189
2024-05-31 14:05:43,670.0,Test,41,43,27097,9275,3831,1033,1125,860,1336,310,76,190
2024-05-31 14:05:43,670.0,Test,38,53,39123,30103,25024,3434,5620,4518,3803,887,83,191
2024-05-31 14:05:43,670.0,Test,47,60,56325,25124,17466,6632,9688,4731,3723,670,77,192
2024-05-31 14:05:43,670.0,Test,27,61,13335,34282,1283,8781,1547,1028,778,585,61,193
2024-05-31 14:05:43,670.0,Test,29,77,161016,46892,88806,26154,3185,11916,3348,2231,47,194
2024-05-31 14:05:43,670.0,Test,38,60,464970,46130,854,8571,3884,9524,1410,1578,41,195
2024-05-31 14:05:43,670.0,Test,38,60,12681,4135,3351,1945,3737,957,1064,230,34,196
2024-05-31 14:05:43,670.0,Test,53,61,174237,91572,21586,15758,10718,13146,2280,1578,46,197
2024-05-31 14:05:43,670.0,Test,57,44,37623,20460,7249,5078,7760,4657,4346,2002,37,198
2024-05-31 14:05:43,670.0,Test,54,63,35789,16973,8276,13895,2884,4148,1277,1265,42,199
2024-05-31 14:05:43,670.0,Test,47,74,37894,16966,36177,14424,9206,3106,1966,1608,42,200
2024-05-31 14:05:43,670.0,Test,48,84,24595,6641,3450,5252,1719,1687,478,373,41,201
2024-05-31 14:05:43,670.0,Test,30,70,37161,158147,4911,12760,4376,4615,3298,788,47,202
2024-05-31 14:05:43,670.0,Test,17,64,47019,72063,2974,29906,1359,3347,3159,2003,41,203
2024-05-31 14:05:43,670.0,Test,23,47,40450,63863,19334,5107,8319,6462,2448,1217,53,204
2024-05-31 14:05:43,670.0,Test,14,47,9139,25343,19431,15476,9698,3274,2516,2977,57,205
2024-05-31 14:05:43,670.0,Test,29,56,13384,27234,7108,3173,4976,3984,4843,1552,54,206
2024-05-31 14:05:43,670.0,Test,40,53,25642,32619,6924,7151,5775,4088,4636,1773,57,207
2024-05-31 14:05:43,670.0,Test,40,67,29502,34827,40562,18315,11150,6845,1411,2062,62,208
2024-05-31 14:05:43,670.0,Test,51,69,28153,17088,24001,3945,3752,7355,4289,2280,64,209
2024-05-31 14:05:43,670.0,Test,41,61,30268,90917,3022,9454,2092,4068,2789,762,58,210
2024-05-31 14:05:43,670.0,Test,38,56,46272,52024,2203,9195,2851,3586,925,1470,60,211
2024-05-31 14:05:43,670.0,Test,27,37,69425,75776,7773,9698,17274,2751,1247,1425,67,212
2024-05-31 14:05:43,670.0,Test,20,13,16076,11269,809,684,1665,1141,1260,141,74,213
2024-05-31 14:05:43,670.0,Test,21,23,271602,103011,35371,10756,4526,7275,2066,1726,78,214
2024-05-31 14:05:43,670.0,Test,26,21,28135,39012,6414,2465,11051,3871,2429,1512,76,215
2024-05-31 14:05:43,670.0,Test,44,17,4312,23517,1511,3041,4791,4976,1565,1948,67,216
2024-05-31 14:05:43,670.0,Test,30,23,73303,92513,1597,14827,2434,2442,1567,1007,64,217
2024-05-31 14:05:43,670.0,Test,30,27,9550,21798,3398,11993,3865,1888,1917,1056,59,218
2024-05-31 14:05:43,670.0,Test,27,43,5738,24168,12993,7933,3024,2828,3237,1247,53,219
2024-05-31 14:05:43,670.0,Test,17,61,26222,21453,17484,3550,7550,2823,2379,1514,38,220
2024-05-31 14:05:43,670.0,Test,24,64,26328,59899,6926,10022,3562,3286,1629,635,37,221
2024-05-31 14:05:43,670.0,Test,43,61,20719,7293,4157,2304,3259,3659,1244,675,56,222
2024-05-31 14:05:43,670.0,Test,38,56,27727,39739,8105,10832,4871,2452,4161,1155,54,223
2024-05-31 14:05:43,670.0,Test,38,37,36261,69141,2882,4966,3397,6051,1058,537,49,224
2024-05-31 14:05:43,670.0,Test,47,34,16102,46034,5277,4803,2750,4226,1341,1689,40,225
2024-05-31 14:05:43,670.0,Test,34,17,17526,31320,2680,2418,11286,3060,1658,1417,48,226
2024-05-31 14:05:43,670.0,Test,41,23,35751,18461,13453,6154,4978,3583,3189,830,43,227
2024-05-31 14:05:43,670.0,Test,54,41,14280,9483,2850,9478,7896,6590,2113,970,41,228
2024-05-31 14:05:43,670.0,Test,53,44,13567,74923,5442,4066,2307,4143,3547,1108,41,230
2024-05-31 14:05:43,670.0,Test,51,29,5119,49682,5570,3250,2433,4128,1358,392,43,231
2024-05-31 14:05:43,670.0,Test,37,27,16142,31092,9443,11274,6756,3463,3433,1009,51,232
2024-05-31 14:05:43,670.0,Test,29,23,8573,39951,4430,2516,2890,2524,775,1538,58,233
2024-05-31 14:05:43,670.0,Test,43,40,11029,14055,5504,9115,6487,6576,1333,1555,71,234
2024-05-31 14:05:43,670.0,Test,53,56,11946,5360,3650,9656,6357,3418,1051,3021,72,235
2024-05-31 14:05:43,670.0,Test,61,57,11834,32020,15420,16482,11723,9701,3681,1134,83,236
2024-05-31 14:05:43,670.0,Test,69,70,19567,15409,6483,6132,6289,3395,2006,1832,82,237
2024-05-31 14:05:43,670.0,Test,61,74,3617,23897,666,22772,6780,3856,1390,743,76,238
2024-05-31 14:05:43,670.0,Test,54,74,9455,13092,16229,1515,5439,3269,1715,710,75,239
2024-05-31 14:05:43,670.0,Test,53,61,107546,26353,2835,4691,7931,4341,2076,1284,79,240
2024-05-31 14:05:43,670.0,Test,61,56,5426,8432,3065,3002,5998,3936,4366,1384,85,241
2024-05-31 14:05:43,670.0,Test,53,60,20038,31017,23278,10921,6404,2786,1399,621,88,242
2024-05-31 14:05:43,670.0,Test,48,53,12929,61388,4907,26441,8831,5712,2146,1175,80,243
2024-05-31 14:05:43,670.0,Test,38,61,11393,23810,10965,3069,4927,1758,3475,703,63,244
2024-05-31 14:05:43,670.0,Test,24,66,33460,24523,10398,7733,4342,3213,1246,1845,54,245
2024-05-31 14:05:43,670.0,Test,24,63,56773,42655,16050,14317,4411,3283,1872,871,48,246
2024-05-31 14:05:43,670.0,Test,13,78,64164,32038,55889,17055,5209,2046,3418,1719,33,247
2024-05-31 14:05:43,670.0,Test,21,80,23310,21390,12617,4914,7885,3742,2739,1522,24,248
2024-05-31 14:05:43,670.0,Test,16,84,37426,17816,12833,8450,4668,1831,2478,1382,22,249
2024-05-31 14:05:43,670.0,Test,17,93,14252,20222,21654,15205,3007,3056,541,1991,22,250
2024-05-31 14:05:43,670.0,Test,34,67,34741,57411,7258,5539,2548,6452,3466,2416,22,251
2024-05-31 14:05:43,670.0,Test,37,77,100647,27662,21673,18072,2035,10068,1060,540,26,252
2024-05-31 14:05:43,670.0,Test,35,74,22949,45687,27111,8592,2066,3185,2093,831,32,253
2024-05-31 14:05:43,670.0,Test,29,50,14991,136120,11915,10383,2935,4413,2167,1565,38,254
2024-05-31 14:05:43,670.0,Test,27,53,99901,58318,8896,7178,7680,6197,2504,719,39,255
2024-05-31 14:05:43,670.0,Test,13,43,59708,14999,2985,4115,916,693,342,526,49,256
2024-05-31 14:05:43,670.0,Test,1,26,75689,149154,15186,5861,5158,2519,1553,1305,60,257
2024-05-31 14:05:43,670.0,Test,10,35,8089,30432,2900,10174,2900,2608,2504,1083,63,258
2024-05-31 14:05:43,670.0,Test,7,43,20952,31106,10647,5552,2764,2322,2999,735,65,259
2024-05-31 14:05:43,670.0,Test,13,38,38007,70590,10897,10751,6331,5421,2022,1091,71,260
2024-05-31 14:05:43,670.0,Test,40,48,6508,14363,2353,5746,2618,3654,1285,1179,64,261
2024-05-31 14:05:43,670.0,Test,43,44,21729,46905,9154,4283,4295,4466,2345,574,60,262
2024-05-31 14:05:43,670.0,Test,41,35,39741,104696,4813,14463,6734,5392,2315,1941,60,263
2024-05-31 14:05:43,670.0,Test,48,23,26802,40079,1802,2068,6196,4608,1926,1110,46,264
2024-05-31 14:05:43,670.0,Test,41,20,18296,53490,11214,7663,2707,6258,2164,1864,45,265
2024-05-31 14:05:43,670.0,Test,38,20,9414,57750,9880,8659,4905,4188,2515,644,53,266
2024-05-31 14:05:43,670.0,Test,41,37,36490,38789,8203,25174,2207,4072,1055,551,45,267
2024-05-31 14:05:43,670.0,Test,37,43,4419,89584,9896,3717,1389,6841,3095,1498,44,268
2024-05-31 14:05:43,670.0,Test,40,37,22498,34088,2852,3265,1729,4843,1453,761,50,269
2024-05-31 14:05:43,670.0,Test,37,37,11024,13777,1150,3216,1737,820,377,249,37,270
2024-05-31 14:05:43,670.0,Test,47,16,28968,29123,3147,1575,4821,4878,1889,1319,29,271
2024-05-31 14:05:43,670.0,Test,54,24,23599,21883,5037,4862,4307,4436,1571,2189,32,272
2024-05-31 14:05:43,670.0,Test,38,26,21592,148949,14704,15815,7707,4707,1762,1061,33,273
2024-05-31 14:05:43,670.0,Test,37,30,51303,59375,23666,2518,1677,3461,3133,449,39,274
2024-05-31 14:05:43,670.0,Test,44,44,8753,8797,3148,8863,11873,5651,1321,640,45,275
2024-05-31 14:05:43,670.0,Test,41,54,3553,20430,18555,8612,3844,5042,3517,719,37,276
2024-05-31 14:05:43,670.0,Test,44,44,12340,88546,5932,1303,8614,3588,797,762,40,277
2024-05-31 14:05:43,670.0,Test,60,48,19074,11158,3604,5230,2944,3144,2216,952,53,278
2024-05-31 14:05:43,670.0,Test,44,47,7031,26325,12378,1800,3138,2404,4512,1318,54,279
2024-05-31 14:05:43,670.0,Test,43,44,448,23515,19924,3930,4416,4237,2116,1343,56,280
2024-05-31 14:05:43,670.0,Test,50,63,9029,17763,5853,3719,2381,1991,3623,615,57,281
2024-05-31 14:05:43,670.0,Test,38,47,8343,24542,1202,1537,2473,1429,1706,1017,73,282
2024-05-31 14:05:43,670.0,Test,29,38,13058,103174,14958,7073,11333,4092,2354,1763,72,283
2024-05-31 14:05:43,670.0,Test,26,27,303253,65423,8317,10605,1574,5928,3019,1327,70,284
2024-05-31 14:05:43,670.0,Test,17,23,12909,52237,10006,7650,5846,2366,1097,966,71,285
2024-05-31 14:05:43,670.0,Test,43,35,21599,5109,1386,2487,4657,4100,1766,1029,72,286
2024-05-31 14:05:43,670.0,Test,51,40,5655,27172,6799,4059,5479,2777,3512,1256,66,287
2024-05-31 14:05:43,670.0,Test,53,44,32350,30742,6336,9757,2480,3536,1519,843,69,288
2024-05-31 14:05:43,670.0,Test,67,50,8863,21398,7822,10360,11175,5434,3114,1044,70,289
2024-05-31 14:05:43,670.0,Test,54,51,6603,11892,2515,3246,2660,2647,509,2508,65,290
2024-05-31 14:05:43,670.0,Test,47,43,113597,32477,4072,899,1588,1353,637,304,73,291
2024-05-31 14:05:43,670.0,Test,53,40,167963,22816,8572,2022,4513,5075,14479,2954,80,292
2024-05-31 14:05:43,670.0,Test,43,41,6723,7263,1879,3253,985,648,1036,893,86,293
2024-05-31 14:05:43,670.0,Test,29,37,93074,104299,13139,8287,1201,5948,1430,837,88,294
2024-05-31 14:05:43,670.0,Test,47,51,7512,8114,1755,6531,3338,2956,3543,1430,75,295
2024-05-31 14:05:43,670.0,Test,50,48,9641,17042,1072,3887,2851,3962,1610,2214,70,296
2024-05-31 14:05:43,670.0,Test,38,43,6423,20705,6380,2137,1964,533,467,457,68,297
2024-05-31 14:05:43,670.0,Test,37,41,71773,54747,5340,6403,7964,2753,3603,426,61,298
2024-05-31 14:05:43,670.0,Test,14,29,210409,171123,25928,10860,4782,4594,1890,880,67,299
2024-05-31 14:05:43,670.0,Test,1,34,317864,111941,17610,18380,2770,5522,1520,2740,70,300
2024-05-31 14:05:43,670.0,Test,17,30,4910,23449,6490,4469,4269,4900,1642,1955,69,301
2024-05-31 14:05:43,670.0,Test,23,47,7644,20660,7639,10819,4750,2350,1769,1563,69,302
2024-05-31 14:05:43,670.0,Test,34,47,25551,27410,5497,1270,4407,1803,2639,540,75,303
2024-05-31 14:05:43,670.0,Test,41,37,64838,36907,424,4989,2728,3108,1026,572,63,304
2024-05-31 14:05:43,670.0,Test,53,34,13102,9540,1390,2337,2637,5022,5921,903,55,305
2024-05-31 14:05:43,670.0,Test,60,26,44203,48864,7639,18178,3464,9095,4542,1047,44,306
2024-05-31 14:05:43,670.0,Test,74,30,2192,2252,452,579,962,513,1818,615,40,307
2024-05-31 14:05:43,670.0,Test,77,57,6439,8595,11775,7842,1790,2769,4159,1140,62,308
2024-05-31 14:05:43,670.0,Test,47,63,38872,70604,7649,18081,2710,2528,2097,2284,61,309
2024-05-31 14:05:43,670.0,Test,38,64,122815,30669,4636,14428,5546,2410,5034,985,57,310
2024-05-31 14:05:43,670.0,Test,21,66,15067,73673,16901,9740,1736,4206,2822,2869,41,311
2024-05-31 14:05:43,670.0,Test,14,47,9543,41241,3673,8115,7006,2333,1549,2577,40,312
2024-05-31 14:05:43,670.0,Test,29,47,28568,21287,3996,6744,6722,3763,909,533,41,313
2024-05-31 14:05:43,670.0,Test,34,44,40463,16073,3041,5029,4404,1496,638,420,40,314
2024-05-31 14:05:43,670.0,Test,41,40,162941,26350,3337,4307,2356,3256,775,422,42,315
2024-05-31 14:05:43,670.0,Test,43,40,55779,19749,3148,2806,2743,1456,1128,735,42,316
2024-05-31 14:05:43,670.0,Test,40,40,47664,37721,8850,7806,12873,4731,3228,1096,44,317
2024-05-31 14:05:43,670.0,Test,37,38,168581,79806,17587,12361,5587,4767,1338,1011,36,318
2024-05-31 14:05:43,670.0,Test,16,35,183872,105045,14376,4876,5494,1820,5141,1539,37,319
2024-05-31 14:05:43,670.0,Test,11,29,6674,27524,4853,176,2206,1034,728,368,45,320
2024-05-31 14:05:43,670.0,Test,16,29,24684,17550,3288,6660,7796,4368,2896,2837,62,321
2024-05-31 14:05:43,670.0,Test,13,40,12551,47373,39559,7019,4110,2953,4521,1665,62,322
2024-05-31 14:05:43,670.0,Test,30,41,33461,32205,4704,2640,3470,2822,2433,1030,64,323
2024-05-31 14:05:43,670.0,Test,56,47,7530,10886,2829,2136,2422,5934,2407,776,70,324
2024-05-31 14:05:43,670.0,Test,63,48,7242,9656,5826,2117,8275,5136,2471,906,72,325
2024-05-31 14:05:43,670.0,Test,77,38,6267,38055,8869,5534,3950,4890,2258,1158,67,326
2024-05-31 14:05:43,670.0,Test,90,50,46946,10487,1805,10100,1815,5243,797,922,73,327
2024-05-31 14:05:43,670.0,Test,74,54,25893,49847,9953,10869,2567,5685,1607,3690,79,328
2024-05-31 14:05:43,670.0,Test,64,60,26438,17015,8337,7346,6498,4444,2995,1737,80,329
2024-05-31 14:05:43,670.0,Test,66,66,11997,19038,10899,9126,7367,4386,2554,996,77,330
2024-05-31 14:05:43,670.0,Test,43,61,47205,70362,11681,18449,5370,2962,2463,1823,67,331
2024-05-31 14:05:43,670.0,Test,54,69,185672,8924,11378,4137,5208,5687,5622,2396,57,332
2024-05-31 14:05:43,670.0,Test,48,75,61949,37194,41681,16121,13591,6464,5232,552,36,333
2024-05-31 14:05:43,670.0,Test,29,67,202528,118152,34471,6516,8434,3581,2275,3267,32,334
2024-05-31 14:05:43,670.0,Test,26,56,67437,105407,4963,10737,4601,2366,1780,572,36,335
2024-05-31 14:05:43,670.0,Test,3,41,976020,388631,42599,50986,24297,14433,15534,7003,53,336
2024-05-31 14:05:43,670.0,Test,7,37,808582,113629,92163,24976,39393,22277,42394,10985,65,337
2024-05-31 14:05:43,670.0,Test,1,1,57972,282303,4544,13610,3556,2092,1840,1779,67,369
2024-05-31 14:05:43,670.0,Test,4,7,10888,3468,5717,6341,6433,1837,1551,3189,66,370
2024-05-31 14:05:43,670.0,Test,29,16,15254,61849,10241,2854,2173,7774,3533,1999,67,371
2024-05-31 14:05:43,670.0,Test,60,44,46829,43559,21059,7462,7143,7239,2109,1816,61,373
2024-05-31 14:05:43,670.0,Test,63,29,49324,21927,3656,3988,3252,4557,3324,1191,54,374
2024-05-31 14:05:43,670.0,Test,57,47,34402,42491,26453,17120,7134,4804,2057,2855,56,375
2024-05-31 14:05:43,670.0,Test,53,44,36314,106743,12798,8083,3913,4766,1284,1050,60,376
2024-05-31 14:05:43,670.0,Test,51,44,68605,26181,5853,8127,2450,3381,1431,2299,70,377
2024-05-31 14:05:43,670.0,Test,54,48,5481,17269,4050,6879,6230,6309,1942,878,76,378
2024-05-31 14:05:43,670.0,Test,57,47,13132,6725,6288,1886,5021,1297,1088,1432,90,379
2024-05-31 14:05:43,670.0,Test,70,64,10966,5578,5853,3822,997,2137,2638,1011,88,380
2024-05-31 14:05:43,670.0,Test,69,67,12120,14137,3490,7545,3538,1760,1697,712,86,381
2024-05-31 14:05:43,670.0,Test,64,83,20086,6724,9583,9370,2822,3535,1351,845,67,382
2024-05-31 14:05:43,670.0,Test,75,87,16585,5340,2477,5933,1121,3669,1177,1366,75,383
2024-05-31 14:05:43,670.0,Test,81,75,13220,7715,908,5676,4671,4012,1351,1036,80,384
2024-05-31 14:05:43,670.0,Test,93,70,10063,16630,6630,6476,7156,7404,1637,1352,78,385
2024-05-31 14:05:43,670.0,Test,96,60,4203,8532,6129,3894,7630,4066,1267,1201,73,386
2024-05-31 14:05:43,670.0,Test,88,54,24671,19698,9914,6185,4798,3464,2022,2547,65,387
2024-05-31 14:05:43,670.0,Test,80,53,21547,29349,4617,6056,1880,4652,1054,1245,58,388
2024-05-31 14:05:43,670.0,Test,67,60,9744,11599,2092,12032,4895,1868,2121,486,43,389
2024-05-31 14:05:43,670.0,Test,63,56,16835,29536,5314,8177,5694,5323,3486,689,46,390
2024-05-31 14:05:43,670.0,Test,57,64,7459,21310,12392,18550,2211,2690,613,1756,43,391
2024-05-31 14:05:43,670.0,Test,44,66,66925,89754,20536,15521,7161,3721,2139,577,42,392
2024-05-31 14:05:43,670.0,Test,47,51,7518,4017,438,440,657,434,884,334,47,393
2024-05-31 14:05:43,670.0,Test,30,51,42649,100769,36501,5091,6461,3711,4427,1364,48,394
2024-05-31 14:05:43,670.0,Test,29,37,11879,9563,2293,1044,1204,549,335,354,54,395
2024-05-31 14:05:43,670.0,Test,35,40,27960,38854,13570,7432,6055,2832,1928,1984,57,396
2024-05-31 14:05:43,670.0,Test,26,48,53265,59461,19260,7804,8237,3177,597,772,60,397
2024-05-31 14:05:43,670.0,Test,29,50,25961,36982,2988,18104,7856,2174,2380,1201,61,398
2024-05-31 14:05:43,670.0,Test,35,50,7175,17739,3697,4157,6550,1935,2304,1295,61,399
2024-05-31 14:05:43,670.0,Test,35,50,6778,37348,7256,11784,4476,2525,2436,2777,59,400
2024-05-31 14:05:43,670.0,Test,34,47,5812,33533,6626,4999,6231,1520,1854,2247,55,401
2024-05-31 14:05:43,670.0,Test,37,41,112185,71769,17303,11035,14297,5207,2000,1586,45,402
2024-05-31 14:05:43,670.0,Test,40,44,65766,29535,16924,4168,20831,5944,2237,537,42,403
2024-05-31 14:05:43,670.0,Test,47,56,2073,12126,8253,17426,2716,3517,1607,1458,68,404
2024-05-31 14:05:43,670.0,Test,64,60,24494,14262,3157,9172,8783,6133,1799,733,74,405
2024-05-31 14:05:43,670.0,Test,69,57,10645,45840,11460,2445,5898,5878,2328,1420,76,406
2024-05-31 14:05:43,670.0,Test,69,69,23094,12654,4268,20095,1615,5058,4353,1343,79,407
2024-05-31 14:05:43,670.0,Test,67,63,59573,32767,21682,12928,8117,5571,3539,2482,81,408
2024-05-31 14:05:43,670.0,Test,60,51,17221,41543,2205,5328,4762,3904,2625,2610,81,409
2024-05-31 14:05:43,670.0,Test,61,53,25983,27939,3183,5342,5062,3586,2196,1358,83,410
2024-05-31 14:05:43,670.0,Test,66,34,14405,16819,2871,1797,6935,4313,2021,619,74,411
2024-05-31 14:05:43,670.0,Test,64,17,28182,40253,1985,6761,7653,2751,1261,1222,62,412
2024-05-31 14:05:43,670.0,Test,64,41,97814,14590,14709,17916,5565,3584,2067,1099,56,413
2024-05-31 14:05:43,670.0,Test,66,43,5943,11412,2225,3502,2743,2434,2691,2524,57,414
2024-05-31 14:05:43,670.0,Test,61,61,33730,17920,13513,19399,9188,6343,1842,959,49,415
2024-05-31 14:05:43,670.0,Test,60,74,21711,60139,26091,11187,5841,3998,1947,694,37,416
2024-05-31 14:05:43,670.0,Test,61,61,5398,14407,6987,1871,4494,2496,580,1046,28,416
2024-05-31 14:05:43,670.0,Test,57,56,9153,36293,1052,7952,3092,5207,3076,1699,31,417
2024-05-31 14:05:43,670.0,Test,53,51,11070,16761,8139,7059,7126,2361,1166,1190,34,418
2024-05-31 14:05:43,670.0,Test,77,43,16697,4868,1988,2259,6991,5181,1447,1147,39,419
2024-05-31 14:05:43,670.0,Test,81,50,13125,12586,9470,7522,3362,5059,2138,2134,47,420
2024-05-31 14:05:43,670.0,Test,74,61,144675,49354,28795,9629,4097,4454,1741,1159,45,421
2024-05-31 14:05:43,670.0,Test,84,57,16019,9180,3719,2178,1065,3805,2411,1021,45,422
2024-05-31 14:05:43,670.0,Test,61,53,4854,27885,4228,1184,5254,1850,2315,1242,41,423
2024-05-31 14:05:43,670.0,Test,67,41,14295,10294,4722,1238,8652,5224,1709,895,39,424
2024-05-31 14:05:43,670.0,Test,77,44,27772,10476,18906,1457,6094,3933,2474,2186,42,425
2024-05-31 14:05:43,670.0,Test,74,35,9058,21850,1425,4124,3370,4213,3670,1107,47,426
2024-05-31 14:05:43,670.0,Test,81,51,4067,11939,6219,6959,832,3145,2727,785,56,428
2024-05-31 14:05:43,670.0,Test,77,57,5969,13787,1696,10554,7540,4668,3829,1051,57,429
2024-05-31 14:05:43,670.0,Test,77,53,16057,27465,10155,13915,7580,6771,3226,1651,54,430
2024-05-31 14:05:43,670.0,Test,81,64,25846,19497,7978,8213,1406,8519,2250,601,57,431
2024-05-31 14:05:43,670.0,Test,78,53,25963,38119,5212,6760,3211,5098,3892,2122,56,432
2024-05-31 14:05:43,670.0,Test,77,63,8058,10935,19178,8281,5265,6482,2600,1366,66,433
2024-05-31 14:05:43,670.0,Test,64,61,14677,18909,4877,5462,2169,1252,1488,938,64,434
2024-05-31 14:05:43,670.0,Test,60,60,5192,18113,313,11261,5237,3997,1161,3383,46,435
2024-05-31 14:05:43,670.0,Test,69,67,9078,6286,6410,4128,6474,5361,2446,1587,49,436
2024-05-31 14:05:43,670.0,Test,74,53,41470,20634,7182,1828,1604,6622,2722,1111,39,437
2024-05-31 14:05:43,670.0,Test,67,29,48641,85771,1265,3500,8808,2503,1641,1271,51,438
2024-05-31 14:05:43,670.0,Test,78,26,14027,8582,1875,7269,14444,7126,2962,2818,45,438
2024-05-31 14:05:43,670.0,Test,64,16,10981,34516,2357,6803,3013,3045,1757,2008,46,439
2024-05-31 14:05:43,670.0,Test,50,8,6313,56390,1974,6506,2636,3132,1697,562,57,440
2024-05-31 14:05:43,670.0,Test,50,29,58407,75459,25860,3681,2471,2377,1721,1313,55,441
2024-05-31 14:05:43,670.0,Test,35,34,19013,36554,15993,2522,4338,4413,2490,1000,54,442
2024-05-31 14:05:43,670.0,Test,43,40,68921,34714,17935,3209,4258,9233,3845,948,52,443
2024-05-31 14:05:43,670.0,Test,41,61,14264,12711,12337,5630,4350,1249,4282,1087,42,444
2024-05-31 14:05:43,670.0,Test,64,67,4164,14128,13392,4001,3986,7863,2908,1503,42,445
2024-05-31 14:05:43,670.0,Test,63,63,8248,31020,1490,10145,3895,3251,1588,2059,46,446
2024-05-31 14:05:43,670.0,Test,67,66,15089,9286,3227,7162,3846,5291,2698,752,49,447
2024-05-31 14:05:43,670.0,Test,69,54,8614,39696,4307,10295,5793,2723,1631,1767,61,448
2024-05-31 14:05:43,670.0,Test,53,61,17960,17343,8392,27521,8158,2400,2382,1803,72,449
2024-05-31 14:05:43,670.0,Test,41,56,11487,23220,2774,4080,6873,653,701,509,73,450
2024-05-31 14:05:43,670.0,Test,35,69,12916,10728,29009,12901,4265,7287,2409,1834,73,451
2024-05-31 14:05:43,670.0,Test,37,81,23117,9697,7659,5159,2884,1236,435,373,54,452
2024-05-31 14:05:43,670.0,Test,43,66,38214,29053,10137,1594,3907,3077,2301,1272,42,453
2024-05-31 14:05:43,670.0,Test,43,51,81552,104369,1664,2510,5977,2348,2081,2871,37,454
2024-05-31 14:05:43,670.0,Test,38,40,50132,36146,11312,16108,9033,5979,1687,2631,43,455
2024-05-31 14:05:43,670.0,Test,41,30,120455,25304,4665,6602,7201,3223,980,1133,43,457
2024-05-31 14:05:43,670.0,Test,57,37,158617,16184,6868,10979,7342,16266,6242,1444,36,458
2024-05-31 14:05:43,670.0,Test,78,61,44647,28325,11369,5026,4359,7088,3550,1208,45,458
2024-05-31 14:05:43,670.0,Test,91,48,3259,13059,267,3851,6784,6991,2277,1441,46,459
2024-05-31 14:05:43,670.0,Test,87,54,15177,25012,15459,5237,4764,2224,3471,1859,46,460
2024-05-31 14:05:43,670.0,Test,75,60,23936,9150,5687,7350,5227,3063,2318,1366,49,461
2024-05-31 14:05:43,670.0,Test,70,54,19742,18610,2230,4707,2051,3117,4120,1362,60,462
2024-05-31 14:05:43,670.0,Test,63,74,22526,11381,13212,6064,5307,4120,1711,1019,68,463
2024-05-31 14:05:43,670.0,Test,66,80,1816,2854,3130,2972,455,641,1047,547,70,464
2024-05-31 14:05:43,670.0,Test,54,78,12165,70883,33980,8562,3950,4203,2658,757,65,465
2024-05-31 14:05:43,670.0,Test,50,83,18677,40133,7313,13648,2808,4202,1194,1704,43,466
2024-05-31 14:05:43,670.0,Test,61,75,6778,6185,3492,4212,3957,6626,2581,990,22,467
2024-05-31 14:05:43,670.0,Test,64,64,7778,15186,6089,2628,1859,2717,2327,1819,23,468
2024-05-31 14:05:43,670.0,Test,61,64,53042,56868,18030,16784,4005,2516,4347,1040,25,469
2024-05-31 14:05:43,670.0,Test,66,66,18826,12653,7787,3466,3210,3119,2599,967,26,470
2024-05-31 14:05:43,670.0,Test,56,56,55547,62446,11243,2906,4934,12357,1909,1149,37,471
2024-05-31 14:05:43,670.0,Test,51,53,40858,48166,12206,5596,3420,4954,1146,1243,48,472
2024-05-31 14:05:43,670.0,Test,63,27,15573,51724,1838,1450,5101,4957,1757,1305,38,473
2024-05-31 14:05:43,670.0,Test,60,38,25593,6467,12487,12627,10877,3066,1370,1541,40,474
2024-05-31 14:05:43,670.0,Test,48,50,16694,28046,6991,21321,13228,3052,1437,824,46,475
2024-05-31 14:05:43,670.0,Test,63,50,27849,9057,3279,2751,3665,4407,1732,1117,48,476
2024-05-31 14:05:43,670.0,Test,66,67,23966,21777,3065,4826,2970,3811,2075,987,51,477
2024-05-31 14:05:43,670.0,Test,75,56,21290,19739,8929,2934,2094,7077,1416,1100,52,478
2024-05-31 14:05:43,670.0,Test,87,53,42288,16728,7656,6262,8239,5298,1710,1042,50,479
2024-05-31 14:05:43,670.0,Test,67,53,2155,46710,14003,5946,4918,3291,1618,853,54,480
2024-05-31 14:05:43,670.0,Test,57,54,4469,11056,2902,1570,2239,825,723,268,57,481
2024-05-31 14:05:43,670.0,Test,50,50,101762,40981,3673,9548,8790,4529,1421,1155,61,482
2024-05-31 14:05:43,670.0,Test,35,43,25166,46394,6734,6648,8450,2491,3090,2184,68,483
2024-05-31 14:05:43,670.0,Test,30,41,43910,53224,12510,8992,15415,3469,1670,1870,72,485
2024-05-31 14:05:43,670.0,Test,24,53,51965,44842,17467,18434,3495,3071,1167,1188,65,486
2024-05-31 14:05:43,670.0,Test,29,60,202102,67172,20354,17601,2810,7281,3457,896,53,487
2024-05-31 14:05:43,670.0,Test,41,57,28966,33142,1308,9702,1620,4698,1825,1502,51,488
2024-05-31 14:05:43,670.0,Test,48,66,110880,59443,21447,32726,11127,9789,1601,1300,47,489
2024-05-31 14:05:43,670.0,Test,48,69,18207,56494,44163,21202,9973,4249,3274,1435,52,490
2024-05-31 14:05:43,670.0,Test,43,70,14814,42255,21590,11858,9758,3397,2813,1785,56,491
2024-05-31 14:05:43,670.0,Test,41,75,4362,21668,5180,7184,10603,3163,1971,1799,61,492
2024-05-31 14:05:43,670.0,Test,35,66,43097,101531,9267,30067,6599,7037,1438,1328,74,493
2024-05-31 14:05:43,670.0,Test,50,60,8125,17830,2456,7227,2283,4154,3104,1343,76,494
2024-05-31 14:05:43,670.0,Test,50,54,35653,79690,23313,7630,3184,5475,2518,1666,68,495
2024-05-31 14:05:43,670.0,Test,50,57,70315,53614,12580,18632,3314,6711,3390,1307,53,496
2024-05-31 14:05:43,670.0,Test,53,60,32880,32322,10001,5192,4796,3219,1156,1600,41,497
2024-05-31 14:05:43,670.0,Test,47,51,18121,38943,3023,9329,18947,4024,1842,744,31,498
2024-05-31 14:05:43,670.0,Test,53,53,32187,20178,13199,4669,15385,3597,2098,872,27,499
2024-05-31 14:05:43,670.0,Test,60,47,23678,18729,3383,4780,6120,4748,4036,2110,25,500
2024-05-31 14:05:43,670.0,Test,54,66,12455,9503,12715,42297,9151,2707,1617,1935,28,501
2024-05-31 14:05:43,670.0,Test,60,77,21923,21324,5643,13543,8560,4876,1260,878,53,502
2024-05-31 14:05:43,670.0,Test,66,74,18420,13284,1146,6665,7573,4568,1438,1244,69,503
2024-05-31 14:05:43,670.0,Test,60,66,20979,87075,8668,5077,3841,8678,1852,596,73,504
2024-05-31 14:05:43,670.0,Test,74,50,9774,21400,5115,10244,3652,5350,2667,1295,58,505
2024-05-31 14:05:43,670.0,Test,66,48,17756,33118,12928,7663,9689,3345,4260,1269,51,506
2024-05-31 14:05:43,670.0,Test,53,43,14237,27612,2693,4894,7250,2112,4879,1283,60,507
2024-05-31 14:05:43,670.0,Test,53,70,14241,6771,19012,15125,4623,3427,1964,751,52,508
2024-05-31 14:05:43,670.0,Test,47,66,151062,79718,21873,7224,4284,7429,2254,1297,47,509
2024-05-31 14:05:43,670.0,Test,60,64,9808,3691,1922,1066,1674,1883,839,272,44,510
2024-05-31 14:05:43,670.0,Test,64,78,41654,22883,6905,19576,4317,4427,1675,1114,43,511
2024-05-31 14:05:43,670.0,Test,57,51,106846,189022,21904,7859,3537,10839,4374,6194,42,512
2024-05-31 14:05:43,670.0,Test,70,61,54813,10024,7706,14140,3761,8814,6471,6039,43,513
2024-05-31 14:05:43,670.0,Test,70,56,11681,34732,2624,8777,3835,12670,5125,1759,42,514
2024-05-31 14:05:43,670.0,Test,70,50,31960,74571,7316,27699,6486,8784,2882,3867,46,515
2024-05-31 14:05:43,670.0,Test,77,66,41225,34316,16837,16340,6329,5920,2085,2246,59,516
2024-05-31 14:05:43,670.0,Test,64,57,15355,34542,9541,8176,3285,4486,6215,2054,44,517
2024-05-31 14:05:43,670.0,Test,54,56,3294,22035,1889,2778,2027,2352,898,378,52,518
2024-05-31 14:05:43,670.0,Test,57,64,27949,16404,13515,10236,4842,4998,4589,1162,53,519
2024-05-31 14:05:43,670.0,Test,61,67,33723,20548,23206,8614,6601,5282,5071,1388,46,520
2024-05-31 14:05:43,670.0,Test,63,57,27375,35324,3036,3901,5444,4841,3044,1656,62,521
2024-05-31 14:05:43,670.0,Test,74,64,12867,43807,19762,5082,5686,15430,3544,1380,50,522
2024-05-31 14:05:43,670.0,Test,78,61,14656,20356,4968,16929,3118,8452,1856,906,54,523
2024-05-31 14:05:43,670.0,Test,91,47,11013,18310,3599,5078,5760,10531,1801,469,44,524
2024-05-31 14:05:43,670.0,Test,93,53,21527,19042,4156,7364,16853,4135,3144,1158,30,525
2024-05-31 14:05:43,670.0,Test,74,44,26462,55603,5573,5505,3391,1996,1673,312,36,526
2024-05-31 14:05:43,670.0,Test,74,40,7411,25240,3968,12347,8655,9524,4492,1917,40,527
2024-05-31 14:05:43,670.0,Test,57,43,4957,33008,10242,4455,8679,3806,3194,1086,42,528
2024-05-31 14:05:43,670.0,Test,48,57,5985,16529,19869,8685,3342,2643,4080,2414,41,529
2024-05-31 14:05:43,670.0,Test,66,64,10595,33854,10145,4517,4886,7686,2243,954,46,530
2024-05-31 14:05:43,670.0,Test,57,61,23040,19543,2128,5507,2904,2985,2262,626,39,531
2024-05-31 14:05:43,670.0,Test,57,56,46235,81752,4601,16361,10511,8033,4263,1641,36,532
2024-05-31 14:05:43,670.0,Test,48,35,382921,307577,16855,28630,5680,7162,6174,2252,44,533
2024-05-31 14:05:43,670.0,Test,50,35,37552,21796,4930,8328,10689,6712,4462,904,46,534
2024-05-31 14:05:43,670.0,Test,41,47,29569,32087,32860,3894,9072,3636,2132,1514,48,535
2024-05-31 14:05:43,670.0,Test,29,44,17559,27457,1371,4182,782,880,636,319,54,536
2024-05-31 14:05:43,670.0,Test,38,64,140754,10915,8697,5683,1818,1144,991,365,58,537
2024-05-31 14:05:43,670.0,Test,20,57,70299,39095,2806,4987,2167,1539,641,208,52,538
2024-05-31 14:05:43,670.0,Test,17,56,14501,36162,21249,14258,14682,2820,4081,1613,42,539
2024-05-31 14:05:43,670.0,Test,41,50,6840,25138,1204,2353,3868,7096,3942,2356,36,540
2024-05-31 14:05:43,670.0,Test,54,40,12676,9517,2664,4418,3127,3351,2910,1323,29,541
2024-05-31 14:05:43,670.0,Test,74,53,12506,8276,5160,9338,9911,4531,2426,999,42,542
2024-05-31 14:05:43,670.0,Test,94,41,35960,17337,2841,3418,3834,8546,2493,889,41,543
2024-05-31 14:05:43,670.0,Test,90,56,28122,37737,14849,8165,6045,8660,3531,1750,44,544
2024-05-31 14:05:43,670.0,Test,97,57,2925,9486,2783,10372,7013,9255,2071,1781,51,545
2024-05-31 14:05:43,670.0,Test,87,63,3625,23932,23278,6198,5080,3128,3352,854,44,546
2024-05-31 14:05:43,670.0,Test,56,67,48963,66057,11460,15367,3116,1912,1451,1012,52,547
2024-05-31 14:05:43,670.0,Test,48,61,12737,45915,6656,6194,4912,3875,3950,2870,53,548
2024-05-31 14:05:43,670.0,Test,43,63,35785,10029,10358,4785,10861,6512,2020,1453,52,549
2024-05-31 14:05:43,670.0,Test,53,47,21710,19593,483,6302,11676,3712,4759,1280,53,550
2024-05-31 14:05:43,670.0,Test,69,47,19004,47074,16981,5406,5003,7324,1531,1380,40,551
2024-05-31 14:05:43,670.0,Test,80,63,44436,5026,6547,14059,7698,4699,1927,1087,43,552
2024-05-31 14:05:43,670.0,Test,81,57,7063,11319,5662,4776,12541,6389,1674,956,45,553
2024-05-31 14:05:43,670.0,Test,80,70,35162,18034,12425,7391,5819,4579,1806,847,48,554
2024-05-31 14:05:43,670.0,Test,75,81,36534,15130,18886,6784,7146,2531,2508,1810,52,555
2024-05-31 14:05:43,670.0,Test,63,77,3690,20964,17218,3258,2151,2690,2537,1806,57,556
2024-05-31 14:05:43,670.0,Test,51,75,38530,34972,4470,7353,2204,4271,2148,666,58,557
2024-05-31 14:05:43,670.0,Test,43,66,79175,134916,28737,22611,6851,8748,1869,597,57,558
2024-05-31 14:05:43,670.0,Test,47,66,14044,5648,7554,2119,3866,1317,566,291,58,559
2024-05-31 14:05:43,670.0,Test,50,57,26000,39483,6702,10736,6006,4422,1152,889,52,560
2024-05-31 14:05:43,670.0,Test,50,57,36605,83185,21150,7062,13998,11304,2613,1278,51,561
2024-05-31 14:05:43,670.0,Test,53,50,63932,58944,8284,2182,3841,4520,2805,1895,55,562
2024-05-31 14:05:43,670.0,Test,57,30,46927,44032,5905,2046,1132,7343,4171,1050,52,563
2024-05-31 14:05:43,670.0,Test,70,40,17072,6788,13119,2419,5783,6285,1648,1506,41,564
2024-05-31 14:05:43,670.0,Test,77,50,45630,20073,11048,5413,2266,6289,2494,996,32,565
2024-05-31 14:05:43,670.0,Test,90,60,23913,9354,4375,4073,8963,4007,3865,2045,38,566
2024-05-31 14:05:43,670.0,Test,90,81,13702,7626,25613,5087,7458,6653,3988,888,57,567
2024-05-31 14:05:43,670.0,Test,81,77,14492,11360,5641,3146,4273,2655,1804,1730,64,568
2024-05-31 14:05:43,670.0,Test,74,74,21308,40699,22222,2047,8945,4455,2033,1205,71,569
2024-05-31 14:05:43,670.0,Test,61,70,20759,27558,1461,11361,3635,3027,1494,1608,70,570
2024-05-31 14:05:43,670.0,Test,50,60,41910,61808,24813,6578,9004,4514,2157,1298,70,571
2024-05-31 14:05:43,670.0,Test,38,56,29347,60934,17140,10117,10317,4053,3862,1486,70,572
2024-05-31 14:05:43,670.0,Test,41,66,17959,18403,21584,14130,6778,4707,2686,1386,62,573
2024-05-31 14:05:43,670.0,Test,48,60,11779,40432,3996,6199,9233,7376,3527,1101,64,574
2024-05-31 14:05:43,670.0,Test,47,50,31210,102361,14489,5309,6324,4151,1228,846,66,575
2024-05-31 14:05:43,670.0,Test,50,48,12044,19349,2038,5049,4149,1882,1758,902,63,576
2024-05-31 14:05:43,670.0,Test,54,48,7985,5685,5009,9042,2657,2595,1023,782,58,577
2024-05-31 14:05:43,670.0,Test,61,69,52038,5536,7080,15740,3404,7324,2678,913,55,578
2024-05-31 14:05:43,670.0,Test,77,75,24403,40982,11192,5201,5199,11807,2594,1447,62,579
2024-05-31 14:05:43,670.0,Test,77,84,17292,19212,13458,10070,6235,3151,1391,961,73,580
2024-05-31 14:05:43,670.0,Test,61,77,96514,75681,31794,11844,6279,3197,1699,1236,78,581
2024-05-31 14:05:43,670.0,Test,51,56,634450,61323,6719,10250,13469,9180,6868,1489,75,582
2024-05-31 14:05:43,670.0,Test,43,67,81089,40916,23059,30304,9730,7236,2938,1233,75,583
2024-05-31 14:05:43,670.0,Test,56,66,36113,8041,4445,7752,4219,5604,1729,571,79,584
2024-05-31 14:05:43,670.0,Test,64,48,382441,171752,13036,2709,3098,10624,5374,1297,74,585
2024-05-31 14:05:43,670.0,Test,57,54,477295,45434,19582,6891,13485,5023,4006,1068,71,586
2024-05-31 14:05:43,670.0,Test,50,47,1515356,134900,32556,25808,9572,5974,7642,10021,65,587
